insert into users (id, fullname, password, email) values (1, 'Carrol Bicker', 'HQPX7pR', 'cbicker0@zimbio.com');
insert into users (id, fullname, password, email) values (2, 'Jackquelin Halahan', 'p4SCTls', 'jhalahan1@youtube.com');
insert into users (id, fullname, password, email) values (3, 'Foss Fearneley', 'NsJ5OPdn', 'ffearneley2@nhs.uk');
insert into users (id, fullname, password, email) values (4, 'Jeana Wittey', 'wLhjFJVBjP8u', 'jwittey3@sphinn.com');
insert into users (id, fullname, password, email) values (5, 'Aldric Prati', 'iG1m7XTM1sJT', 'aprati4@loc.gov');
insert into users (id, fullname, password, email) values (6, 'Morgen Bissill', 'mexci4Y0t9', 'mbissill5@typepad.com');
insert into users (id, fullname, password, email) values (7, 'Anselm Yitzhakov', 'GsfYMJJgyk', 'ayitzhakov6@vkontakte.ru');
insert into users (id, fullname, password, email) values (8, 'Ninnetta Rookesby', 'ZgHUBmUT', 'nrookesby7@sfgate.com');
insert into users (id, fullname, password, email) values (9, 'Lenna Bourne', '2J20QsfxYi', 'lbourne8@geocities.com');
insert into users (id, fullname, password, email) values (10, 'Ardeen Nurse', 'v1okMAPNrTs', 'anurse9@moonfruit.com');
insert into users (id, fullname, password, email) values (11, 'Georgianna Heavens', 'jKCRiqJYRzP', 'gheavensa@live.com');
insert into users (id, fullname, password, email) values (12, 'Shannon Chinge de Hals', 'jxCNpJDk0UKi', 'schingeb@mashable.com');
insert into users (id, fullname, password, email) values (13, 'Nada Gatsby', 'T6HTWH5fFP6', 'ngatsbyc@digg.com');
insert into users (id, fullname, password, email) values (14, 'Kaitlin Roberts', 'un0EvW', 'krobertsd@yahoo.com');
insert into users (id, fullname, password, email) values (15, 'Ellerey Gonin', 'S6QghGwgIh3z', 'egonine@mapy.cz');
insert into users (id, fullname, password, email) values (16, 'Fair Tavernor', '5C8X6nLxd', 'ftavernorf@1688.com');
insert into users (id, fullname, password, email) values (17, 'Jodi Cowins', 'x3CC9jpw', 'jcowinsg@last.fm');
insert into users (id, fullname, password, email) values (18, 'Roanne Bermingham', 'YVcUpSvivBuE', 'rberminghamh@gizmodo.com');
insert into users (id, fullname, password, email) values (19, 'Franny Bosley', 'WDFLwOAp', 'fbosleyi@xrea.com');
insert into users (id, fullname, password, email) values (20, 'Mac Valsler', 'WvRhNfNQk', 'mvalslerj@youku.com');
insert into films (id, title, genre, director_id, date_publish, price) values (1, 'Deepstar Six', 'Horror|Sci-Fi|Thriller', 1, '1/12/1904', '$4.92');
insert into films (id, title, genre, director_id, date_publish, price) values (2, 'Jude the Obscure', 'Drama', 2, '11/4/1943', '$8.67');
insert into films (id, title, genre, director_id, date_publish, price) values (3, 'Knights of Bloodsteel', 'Fantasy', 3, '8/12/1929', '$8.96');
insert into films (id, title, genre, director_id, date_publish, price) values (4, 'Stockholm Stories', 'Drama', 4, '7/3/2015', '$6.98');
insert into films (id, title, genre, director_id, date_publish, price) values (5, 'Inkheart', 'Adventure|Fantasy', 5, '4/2/1942', '$4.69');
insert into films (id, title, genre, director_id, date_publish, price) values (6, 'Andromeda Strain, The', 'Mystery|Sci-Fi', 6, '2/28/1947', '$5.36');
insert into films (id, title, genre, director_id, date_publish, price) values (7, 'Sunday Day in Hell, A (En forårsdag i Helvede)', 'Documentary', 7, '5/12/1996', '$1.82');
insert into films (id, title, genre, director_id, date_publish, price) values (8, 'Tic Code, The', 'Drama', 8, '1/12/1976', '$2.99');
insert into films (id, title, genre, director_id, date_publish, price) values (9, 'Moscow Does Not Believe in Tears (Moskva slezam ne verit)', 'Drama|Romance', 9, '10/10/1961', '$4.46');
insert into films (id, title, genre, director_id, date_publish, price) values (10, 'Bloody Pit of Horror (Il boia scarlatto) (Virgins for the Hangman)', 'Horror', 10, '5/27/2003', '$0.69');
insert into films (id, title, genre, director_id, date_publish, price) values (11, 'Moving McAllister', 'Comedy', 11, '9/23/2013', '$3.53');
insert into films (id, title, genre, director_id, date_publish, price) values (12, 'True Stories', 'Comedy|Musical', 12, '7/8/1999', '$2.20');
insert into films (id, title, genre, director_id, date_publish, price) values (13, 'Faces of Schlock', 'Comedy|Horror', 13, '1/11/1990', '$0.75');
insert into films (id, title, genre, director_id, date_publish, price) values (14, 'Paternity', 'Comedy|Romance', 14, '12/30/1998', '$1.73');
insert into films (id, title, genre, director_id, date_publish, price) values (15, 'Moine, Le (Monk, The)', 'Drama|Mystery|Thriller', 15, '11/14/2017', '$2.38');
insert into films (id, title, genre, director_id, date_publish, price) values (16, 'King Kong Escapes (Kingu Kongu no gyakushû)', 'Action|Adventure|Sci-Fi', 16, '6/23/2007', '$4.93');
insert into films (id, title, genre, director_id, date_publish, price) values (17, 'The Voices', 'Comedy|Crime|Thriller', 17, '1/19/1990', '$3.69');
insert into films (id, title, genre, director_id, date_publish, price) values (18, 'Welcome', 'Drama', 18, '7/18/1926', '$6.01');
insert into films (id, title, genre, director_id, date_publish, price) values (19, 'Sneakers', 'Action|Comedy|Crime|Drama|Sci-Fi', 19, '3/15/2005', '$0.61');
insert into films (id, title, genre, director_id, date_publish, price) values (20, 'Golden Door (Nuovomondo)', 'Adventure|Drama|Romance', 20, '5/18/2021', '$8.17');
insert into directors (id, fullname, film_id, country) values (1, 'Alex Spacey', 1, 'France');
insert into directors (id, fullname, film_id, country) values (2, 'Sosanna Stammer', 2, 'Mexico');
insert into directors (id, fullname, film_id, country) values (3, 'Tommi Robel', 3, 'Nigeria');
insert into directors (id, fullname, film_id, country) values (4, 'Ernie Roughley', 4, 'Sweden');
insert into directors (id, fullname, film_id, country) values (5, 'Harman Sproston', 5, 'Egypt');
insert into directors (id, fullname, film_id, country) values (6, 'Sylas Malt', 6, 'Andorra');
insert into directors (id, fullname, film_id, country) values (7, 'Darcy Bodycombe', 7, 'Greece');
insert into directors (id, fullname, film_id, country) values (8, 'Ban Minot', 8, 'Bulgaria');
insert into directors (id, fullname, film_id, country) values (9, 'Baudoin Joseph', 9, 'France');
insert into directors (id, fullname, film_id, country) values (10, 'Euell Sesons', 10, 'Kazakhstan');
insert into directors (id, fullname, film_id, country) values (11, 'Rebeca Tomsu', 11, 'Honduras');
insert into directors (id, fullname, film_id, country) values (12, 'Red Haug', 12, 'Ivory Coast');
insert into directors (id, fullname, film_id, country) values (13, 'Cathleen Barron', 13, 'Tanzania');
insert into directors (id, fullname, film_id, country) values (14, 'Ida Millery', 14, 'Guatemala');
insert into directors (id, fullname, film_id, country) values (15, 'Lee Symon', 15, 'Brazil');
insert into directors (id, fullname, film_id, country) values (16, 'Massimiliano Greasty', 16, 'Indonesia');
insert into directors (id, fullname, film_id, country) values (17, 'Evvie Beardow', 17, 'France');
insert into directors (id, fullname, film_id, country) values (18, 'Weider Vawton', 18, 'Japan');
insert into directors (id, fullname, film_id, country) values (19, 'Brigida Skain', 19, 'Indonesia');
insert into directors (id, fullname, film_id, country) values (20, 'Kaspar Michiel', 20, 'Poland');
insert into orders (id, user_id, film_id, total_price) values (1, 1, 1, '$9.01');
insert into orders (id, user_id, film_id, total_price) values (2, 2, 2, '$1.82');
insert into orders (id, user_id, film_id, total_price) values (3, 3, 3, '$1.33');
insert into orders (id, user_id, film_id, total_price) values (4, 4, 4, '$1.97');
insert into orders (id, user_id, film_id, total_price) values (5, 5, 5, '$8.71');
insert into orders (id, user_id, film_id, total_price) values (6, 6, 6, '$1.97');
insert into orders (id, user_id, film_id, total_price) values (7, 7, 7, '$9.62');
insert into orders (id, user_id, film_id, total_price) values (8, 8, 8, '$2.28');
insert into orders (id, user_id, film_id, total_price) values (9, 9, 9, '$9.68');
insert into orders (id, user_id, film_id, total_price) values (10, 10, 10, '$5.83');
insert into orders (id, user_id, film_id, total_price) values (11, 11, 11, '$1.83');
insert into orders (id, user_id, film_id, total_price) values (12, 12, 12, '$0.73');
insert into orders (id, user_id, film_id, total_price) values (13, 13, 13, '$7.58');
insert into orders (id, user_id, film_id, total_price) values (14, 14, 14, '$6.88');
insert into orders (id, user_id, film_id, total_price) values (15, 15, 15, '$6.91');
insert into orders (id, user_id, film_id, total_price) values (16, 16, 16, '$6.41');
insert into orders (id, user_id, film_id, total_price) values (17, 17, 17, '$5.93');
insert into orders (id, user_id, film_id, total_price) values (18, 18, 18, '$5.57');
insert into orders (id, user_id, film_id, total_price) values (19, 19, 19, '$5.09');
insert into orders (id, user_id, film_id, total_price) values (20, 20, 20, '$3.38');